"","","2023-01-09","Variations since last month ^in %^","Variations for last 6 months ^in %^","Variations since previous year ^in %^"
"1","Edmonton",302.66,6.60045083122007,27.2161741835148,68.3408420935536
"2","Halifax",245.27,-3.74396609238256,7.01601291504865,67.2827717910244
"3","Moncton",514.35,25.837940989382,80.7273366127899,64.7448832516575
"4","Montreal",257.59,9.34754000933904,30.2736054215344,71.7953848205949
"5","Saskatoon",319,17.9951914185315,59.9478539911753,50.5995656689642
"6","St. John's",534.61,5.28171094350027,72.304766815999,59.6613307848525
"7","Toronto",229.02,-4.78526587120109,24.8201438848921,72.3509933774834
"8","Vancouver",261.11,13.7833362384522,45.5381528342902,71.5233528213887
